#------------------------------------------# Database Backup Class by ausny# Database: yiqicms# Date: Wed, 17 Jun 2015 02:06:06 GMT#------------------------------------------#------------------------------------------# Table definition for yiqi_article#------------------------------------------DROP TABLE  IF EXISTS yiqi_article;#<--break-->CREATE TABLE yiqi_article ( `aid` bigint(20) NOT NULL auto_increment, `title` varchar(255) NOT NULL, `cid` bigint(20) NOT NULL, `uid` bigint(20), `seotitle` varchar(255) NOT NULL default '-', `seokeywords` varchar(255), `seodescription` varchar(255), `filename` varchar(255) NOT NULL default '-', `content` longtext NOT NULL, `adddate` timestamp NOT NULL default '0000-00-00 00:00:00', `lasteditdate` timestamp NOT NULL default '0000-00-00 00:00:00', `templets` varchar(255), `viewcount` bigint(20) NOT NULL default '0', `status` varchar(255) NOT NULL,   PRIMARY KEY (aid)) ENGINE=MyISAM  DEFAULT CHARSET=utf8 COLLATE=utf8_unicode_ci;#<--break-->#------------------------------------------# Data inserts for yiqi_article#------------------------------------------INSERT INTO yiqi_article VALUES ('1','公司介绍','1','1','公司介绍','公司介绍','公司介绍','about','<p><a href=\"http://www.yiqicms.com\">易企CMS</a>是为国内用户专门定制的一套企业建站系统,操作简单,管理方便,对搜索引擎更友好,使您网站排名变得更轻松</p>','2015-04-24 14:10:57','2015-04-24 14:10:57','article.tpl','57','ok');#<--break-->INSERT INTO yiqi_article VALUES ('3','又一个使用易企CMS的网站开通了','2','1','又一个使用易企CMS的网站开通了','又一个使用易企CMS的网站开通了','又一个使用易企CMS的网站开通了','yiqi-starter','<p>又一个使用<a href=\"http://www.yiqicms.com\">易企CMS</a>的网站开通了.</p>','2015-05-22 11:24:35','2015-05-22 11:26:22','article.tpl','33','ok');#<--break-->INSERT INTO yiqi_article VALUES ('2','联系我们','1','1','联系我们','联系我们','联系我们','contact','联系我们','2015-04-24 14:10:57','2015-04-24 14:10:57','article.tpl','78','ok');#<--break-->INSERT INTO yiqi_article VALUES ('4','dmin  您可以查看 易企CMS常见帮助、进入 易企CMS论坛 或者 退出登录','2','1','dmin  您可以查看 易企CMS常见帮助、进入 易企CMS论坛 或者 退出登录','-','dmin  您可以查看 易企CMS常见帮助、进入 易企CMS论坛 或者 退出登录','20150522112029','<p><span class=\"fr\">dmin&nbsp;&nbsp;您可以查看&nbsp;<a href=\"http://www.yiqicms.com/category/changjianbangzhu/\" target=\"_blank\">易企CMS常见帮助</a>、进入&nbsp;<a href=\"http://www.yiqicms.com/forum/\" target=\"_blank\">易企CMS论坛</a>&nbsp;或者&nbsp;<a href=\"http://127.0.0.1/admin/logout.php\">退出登录<span class=\"fr\">dmin&nbsp;&nbsp;您可以查看&nbsp;</span></a><a href=\"http://www.yiqicms.com/category/changjianbangzhu/\" target=\"_blank\">易企CMS常见帮助</a>、进入&nbsp;<a href=\"http://www.yiqicms.com/forum/\" target=\"_blank\">易企CMS论坛</a>&nbsp;或者&nbsp;<a href=\"http://127.0.0.1/admin/logout.php\">退出登录<span class=\"fr\">dmin&nbsp;&nbsp;您可以查看&nbsp;</span></a><a href=\"http://www.yiqicms.com/category/changjianbangzhu/\" target=\"_blank\">易企CMS常见帮助</a>、进入&nbsp;<a href=\"http://www.yiqicms.com/forum/\" target=\"_blank\">易企CMS论坛</a>&nbsp;或者&nbsp;<a href=\"http://127.0.0.1/admin/logout.php\">退出登录</a></span></p>','2015-05-22 11:20:16','2015-05-22 11:27:07','article.tpl','22','ok');#<--break-->INSERT INTO yiqi_article VALUES ('5','dmin  您可以查看 易企CMS常见帮助、进入 易企CMS论坛 或者 退出登录','1','1','dmin  您可以查看 易企CMS常见帮助、进入 易企CMS论坛 或者 退出登录','-','dmin  您可以查看 易企CMS常见帮助、进入 易企CMS论坛 或者 退出登录','20150522112038','<p><span class=\"fr\">dmin&nbsp;&nbsp;您可以查看&nbsp;<a href=\"http://www.yiqicms.com/category/changjianbangzhu/\" target=\"_blank\">易企CMS常见帮助</a>、进入&nbsp;<a href=\"http://www.yiqicms.com/forum/\" target=\"_blank\">易企CMS论坛</a>&nbsp;或者&nbsp;<a href=\"http://127.0.0.1/admin/logout.php\">退出登录</a></span></p>','2015-05-22 11:20:30','2015-05-22 11:29:44','article.tpl','8','ok');#<--break-->INSERT INTO yiqi_article VALUES ('6','dmin  您可以查看 易企CMS常见帮助、进入 易企CMS论坛 或者 退出登录','1','1','dmin  您可以查看 易企CMS常见帮助、进入 易企CMS论坛 或者 退出登录','-','-','20150522112045','<p><span class=\"fr\">dmin&nbsp;&nbsp;您可以查看&nbsp;<a href=\"http://www.yiqicms.com/category/changjianbangzhu/\" target=\"_blank\">易企CMS常见帮助</a>、进入&nbsp;<a href=\"http://www.yiqicms.com/forum/\" target=\"_blank\">易企CMS论坛</a>&nbsp;或者&nbsp;<a href=\"http://127.0.0.1/admin/logout.php\">退出登录</a></span></p>','2015-05-22 11:20:39','2015-05-22 11:29:37','article.tpl','6','ok');#<--break-->INSERT INTO yiqi_article VALUES ('7','dmin  您可以查看 易企CMS常见帮助、进入 易企CMS论坛 或者 退出登录','1','1','dmin  您可以查看 易企CMS常见帮助、进入 易企CMS论坛 或者 退出登录','dmin  您可以查看 易企CMS常见帮助、进入 易企CMS论坛 或者 退出登录','-','20150522112054','<p><span class=\"fr\">dmin&nbsp;&nbsp;您可以查看&nbsp;<a href=\"http://www.yiqicms.com/category/changjianbangzhu/\" target=\"_blank\">易企CMS常见帮助</a>、进入&nbsp;<a href=\"http://www.yiqicms.com/forum/\" target=\"_blank\">易企CMS论坛</a>&nbsp;或者&nbsp;<a href=\"http://127.0.0.1/admin/logout.php\">退出登录</a></span></p>','2015-05-22 11:20:47','2015-05-22 11:29:31','article.tpl','4','ok');#<--break-->INSERT INTO yiqi_article VALUES ('8','dmin  您可以查看 易企CMS常见帮助、进入 易企CMS论坛 或者 退出登录','1','1','dmin  您可以查看 易企CMS常见帮助、进入 易企CMS论坛 或者 退出登录','dmin  您可以查看 易企CMS常见帮助、进入 易企CMS论坛 或者 退出登录','dmin  您可以查看 易企CMS常见帮助、进入 易企CMS论坛 或者 退出登录','20150522112101','<p><span class=\"fr\">dmin&nbsp;&nbsp;您可以查看&nbsp;<a href=\"http://www.yiqicms.com/category/changjianbangzhu/\" target=\"_blank\">易企CMS常见帮助</a>、进入&nbsp;<a href=\"http://www.yiqicms.com/forum/\" target=\"_blank\">易企CMS论坛</a>&nbsp;或者&nbsp;<a href=\"http://127.0.0.1/admin/logout.php\">退出登录</a></span></p>','2015-05-22 11:20:55','2015-05-22 11:29:24','article.tpl','3','ok');#<--break-->INSERT INTO yiqi_article VALUES ('9','dmin  您可以查看 易企CMS常见帮助、进入 易企CMS论坛 或者 退出登录','1','1','dmin  您可以查看 易企CMS常见帮助、进入 易企CMS论坛 或者 退出登录','-','-','20150522112108','<p><span class=\"fr\">dmin&nbsp;&nbsp;您可以查看&nbsp;<a href=\"http://www.yiqicms.com/category/changjianbangzhu/\" target=\"_blank\">易企CMS常见帮助</a>、进入&nbsp;<a href=\"http://www.yiqicms.com/forum/\" target=\"_blank\">易企CMS论坛</a>&nbsp;或者&nbsp;<a href=\"http://127.0.0.1/admin/logout.php\">退出登录</a></span></p>','2015-05-22 11:21:02','2015-05-22 11:29:12','article.tpl','1','ok');#<--break-->INSERT INTO yiqi_article VALUES ('10','dmin  您可以查看 易企CMS常见帮助、进入 易企CMS论坛 或者 退出登录','1','1','dmin  您可以查看 易企CMS常见帮助、进入 易企CMS论坛 或者 退出登录','-','-','20150522112115','<p><span class=\"fr\">dmin&nbsp;&nbsp;您可以查看&nbsp;<a href=\"http://www.yiqicms.com/category/changjianbangzhu/\" target=\"_blank\">易企CMS常见帮助</a>、进入&nbsp;<a href=\"http://www.yiqicms.com/forum/\" target=\"_blank\">易企CMS论坛</a>&nbsp;或者&nbsp;<a href=\"http://127.0.0.1/admin/logout.php\">退出登录</a></span></p>','2015-05-22 11:21:09','2015-05-22 11:29:05','article.tpl','0','ok');#<--break-->INSERT INTO yiqi_article VALUES ('11','dmin  您可以查看 易企CMS常见帮助、进入 易企CMS论坛 或者 退出登录','1','1','dmin  您可以查看 易企CMS常见帮助、进入 易企CMS论坛 或者 退出登录','-','-','20150522112121','<p><span class=\"fr\">dmin&nbsp;&nbsp;您可以查看&nbsp;<a href=\"http://www.yiqicms.com/category/changjianbangzhu/\" target=\"_blank\">易企CMS常见帮助</a>、进入&nbsp;<a href=\"http://www.yiqicms.com/forum/\" target=\"_blank\">易企CMS论坛</a>&nbsp;或者&nbsp;<a href=\"http://127.0.0.1/admin/logout.php\">退出登录</a></span></p>','2015-05-22 11:21:17','2015-05-22 11:28:55','article.tpl','2','ok');#<--break-->INSERT INTO yiqi_article VALUES ('12','dmin  您可以查看 易企CMS常见帮助、进入 易企CMS论坛 或者 退出登录','1','1','dmin  您可以查看 易企CMS常见帮助、进入 易企CMS论坛 或者 退出登录','-','-','20150522112128','<p><span class=\"fr\">dmin&nbsp;&nbsp;您可以查看&nbsp;<a href=\"http://www.yiqicms.com/category/changjianbangzhu/\" target=\"_blank\">易企CMS常见帮助</a>、进入&nbsp;<a href=\"http://www.yiqicms.com/forum/\" target=\"_blank\">易企CMS论坛</a>&nbsp;或者&nbsp;<a href=\"http://127.0.0.1/admin/logout.php\">退出登录</a></span></p>','2015-05-22 11:21:23','2015-05-22 11:28:46','article.tpl','2','ok');#<--break-->INSERT INTO yiqi_article VALUES ('13','dmin  您可以查看 易企CMS常见帮助、进入 易企CMS论坛 或者 退出登录','1','1','dmin  您可以查看 易企CMS常见帮助、进入 易企CMS论坛 或者 退出登录','-','-','20150522112141','<p><span class=\"fr\">dmin&nbsp;&nbsp;您可以查看&nbsp;<a href=\"http://www.yiqicms.com/category/changjianbangzhu/\" target=\"_blank\">易企CMS常见帮助</a>、进入&nbsp;<a href=\"http://www.yiqicms.com/forum/\" target=\"_blank\">易企CMS论坛</a>&nbsp;或者&nbsp;<a href=\"http://127.0.0.1/admin/logout.php\">退出登录</a></span></p>','2015-05-22 11:21:29','2015-05-22 11:28:39','article.tpl','0','ok');#<--break-->INSERT INTO yiqi_article VALUES ('14','dmin  您可以查看 易企CMS常见帮助、进入 易企CMS论坛 或者 退出登录','1','1','dmin  您可以查看 易企CMS常见帮助、进入 易企CMS论坛 或者 退出登录','-','-','20150522112151','<p><span class=\"fr\">dmin&nbsp;&nbsp;您可以查看&nbsp;<a href=\"http://www.yiqicms.com/category/changjianbangzhu/\" target=\"_blank\">易企CMS常见帮助</a>、进入&nbsp;<a href=\"http://www.yiqicms.com/forum/\" target=\"_blank\">易企CMS论坛</a>&nbsp;或者&nbsp;<a href=\"http://127.0.0.1/admin/logout.php\">退出登录</a></span></p>','2015-05-22 11:21:42','2015-05-22 11:28:27','article.tpl','0','ok');#<--break-->INSERT INTO yiqi_article VALUES ('15','dmin  您可以查看 易企CMS常见帮助、进入 易企CMS论坛 或者 退出登录','1','1','dmin  您可以查看 易企CMS常见帮助、进入 易企CMS论坛 或者 退出登录','-','-','20150522112206','<p><span class=\"fr\">dmin&nbsp;&nbsp;您可以查看&nbsp;<a href=\"http://www.yiqicms.com/category/changjianbangzhu/\" target=\"_blank\">易企CMS常见帮助</a>、进入&nbsp;<a href=\"http://www.yiqicms.com/forum/\" target=\"_blank\">易企CMS论坛</a>&nbsp;或者&nbsp;<a href=\"http://127.0.0.1/admin/logout.php\">退出登录</a></span></p>','2015-05-22 11:21:52','2015-05-22 11:28:17','article.tpl','0','ok');#<--break-->INSERT INTO yiqi_article VALUES ('16','dmin  您可以查看 易企CMS常见帮助、进入 易企CMS论坛 或者 退出登录','1','1','dmin  您可以查看 易企CMS常见帮助、进入 易企CMS论坛 或者 退出登录','-','-','20150522112211','<p><span class=\"fr\">dmin&nbsp;&nbsp;您可以查看&nbsp;<a href=\"http://www.yiqicms.com/category/changjianbangzhu/\" target=\"_blank\">易企CMS常见帮助</a>、进入&nbsp;<a href=\"http://www.yiqicms.com/forum/\" target=\"_blank\">易企CMS论坛</a>&nbsp;或者&nbsp;<a href=\"http://127.0.0.1/admin/logout.php\">退出登录</a></span></p>','2015-05-22 11:22:07','2015-05-22 11:28:09','article.tpl','0','ok');#<--break-->INSERT INTO yiqi_article VALUES ('17','dmin  您可以查看 易企CMS常见帮助、进入 易企CMS论坛 或者 退出登录','1','1','dmin  您可以查看 易企CMS常见帮助、进入 易企CMS论坛 或者 退出登录','-','-','20150522112217','<p><span class=\"fr\">dmin&nbsp;&nbsp;您可以查看&nbsp;<a href=\"http://www.yiqicms.com/category/changjianbangzhu/\" target=\"_blank\">易企CMS常见帮助</a>、进入&nbsp;<a href=\"http://www.yiqicms.com/forum/\" target=\"_blank\">易企CMS论坛</a>&nbsp;或者&nbsp;<a href=\"http://127.0.0.1/admin/logout.php\">退出登录</a></span></p>','2015-05-22 11:22:13','2015-05-22 11:28:02','article.tpl','0','ok');#<--break-->INSERT INTO yiqi_article VALUES ('18','dmin  您可以查看 易企CMS常见帮助、进入 易企CMS论坛 或者 退出登录','1','1','dmin  您可以查看 易企CMS常见帮助、进入 易企CMS论坛 或者 退出登录','-','-','20150522112224','<p><span class=\"fr\">dmin&nbsp;&nbsp;您可以查看&nbsp;<a href=\"http://www.yiqicms.com/category/changjianbangzhu/\" target=\"_blank\">易企CMS常见帮助</a>、进入&nbsp;<a href=\"http://www.yiqicms.com/forum/\" target=\"_blank\">易企CMS论坛</a>&nbsp;或者&nbsp;<a href=\"http://127.0.0.1/admin/logout.php\">退出登录</a></span></p>','2015-05-22 11:22:18','2015-05-22 11:27:55','article.tpl','1','ok');#<--break-->INSERT INTO yiqi_article VALUES ('19','时发布文章，该时间为北京时间。 自定义文件名	  设置为http://开头，将链接到指定的地址。','1','1','时发布文章，该时间为北京时间。 自定义文件名	  设置为http://开头，将链接到指定的地址。','-','-','20150522113454','<table class=\"inputform\" cellspacing=\"1\" cellpadding=\"1\">
<tbody>
<tr>
<td class=\"input\">时发布文章，该时间为北京时间。</td>
</tr>
<tr>
<td class=\"label\">自定义文件名</td>
<td class=\"input\"><input class=\"txt\" type=\"text\" name=\"articlefilename\" value=\"\" />&nbsp;&nbsp;设置为http://开头，将链接到指定的地址。</td>
</tr>
</tbody>
</table>','2015-05-22 11:34:41','2015-05-22 11:34:54','article.tpl','1','ok');#<--break-->INSERT INTO yiqi_article VALUES ('20','时发布文章，该时间为北京时间。 自定义文件名	  设置为http://开头，将链接到指定的地址。','1','1','时发布文章，该时间为北京时间。 自定义文件名	  设置为http://开头，将链接到指定的地址。','-','-','20150522113502','<table class=\"inputform\" cellspacing=\"1\" cellpadding=\"1\">
<tbody>
<tr>
<td class=\"input\">时发布文章，该时间为北京时间。</td>
</tr>
<tr>
<td class=\"label\">自定义文件名</td>
<td class=\"input\"><input class=\"txt\" type=\"text\" name=\"articlefilename\" value=\"\" />&nbsp;&nbsp;设置为http://开头，将链接到指定的地址。</td>
</tr>
</tbody>
</table>','2015-05-22 11:34:55','2015-05-22 11:35:02','article.tpl','1','ok');#<--break-->INSERT INTO yiqi_article VALUES ('21','时发布文章，该时间为北京时间。 自定义文件名	  设置为http://开头，将链接到指定的地址。','1','1','v时发布文章，该时间为北京时间。 自定义文件名	  设置为http://开头，将链接到指定的地址。','-','-','20150522113511','<table class=\"inputform\" cellspacing=\"1\" cellpadding=\"1\">
<tbody>
<tr>
<td class=\"input\">时发布文章，该时间为北京时间。</td>
</tr>
<tr>
<td class=\"label\">自定义文件名</td>
<td class=\"input\"><input class=\"txt\" type=\"text\" name=\"articlefilename\" value=\"\" />&nbsp;&nbsp;设置为http://开头，将链接到指定的地址。</td>
</tr>
</tbody>
</table>','2015-05-22 11:35:03','2015-05-22 11:35:11','article.tpl','1','ok');#<--break-->INSERT INTO yiqi_article VALUES ('22','时发布文章，该时间为北京时间。 自定义文件名	  设置为http://开头，将链接到指定的地址。','0','1','时发布文章，该时间为北京时间。 自定义文件名	  设置为http://开头，将链接到指定的地址。','-','-','20150522113517','<table class=\"inputform\" cellspacing=\"1\" cellpadding=\"1\">
<tbody>
<tr>
<td class=\"input\">时发布文章，该时间为北京时间。</td>
</tr>
<tr>
<td class=\"label\">自定义文件名</td>
<td class=\"input\"><input class=\"txt\" type=\"text\" name=\"articlefilename\" value=\"\" />&nbsp;&nbsp;设置为http://开头，将链接到指定的地址。</td>
</tr>
</tbody>
</table>','2015-05-22 11:35:12','2015-05-22 11:35:17','article.tpl','1','ok');#<--break-->INSERT INTO yiqi_article VALUES ('23','时发布文章，该时间为北京时间。 自定义文件名	  设置为http://开头，将链接到指定的地址。','0','1','时发布文章，该时间为北京时间。 自定义文件名	  设置为http://开头，将链接到指定的地址。','-','-','20150522113524','<table class=\"inputform\" cellspacing=\"1\" cellpadding=\"1\">
<tbody>
<tr>
<td class=\"input\">时发布文章，该时间为北京时间。</td>
</tr>
<tr>
<td class=\"label\">自定义文件名</td>
<td class=\"input\"><input class=\"txt\" type=\"text\" name=\"articlefilename\" value=\"\" />&nbsp;&nbsp;设置为http://开头，将链接到指定的地址。</td>
</tr>
</tbody>
</table>','2015-05-22 11:35:19','2015-05-22 11:35:24','article.tpl','2','ok');#<--break-->INSERT INTO yiqi_article VALUES ('24','时发布文章，该时间为北京时间。 自定义文件名	  设置为http://开头，将链接到指定的地址。','1','1','时发布文章，该时间为北京时间。 自定义文件名	  设置为http://开头，将链接到指定的地址。','-','-','20150522113542','<table class=\"inputform\" cellspacing=\"1\" cellpadding=\"1\">
<tbody>
<tr>
<td class=\"input\">时发布文章，该时间为北京时间。</td>
</tr>
<tr>
<td class=\"label\">自定义文件名</td>
<td class=\"input\"><input class=\"txt\" type=\"text\" name=\"articlefilename\" value=\"\" />&nbsp;&nbsp;设置为http://开头，将链接到指定的地址。</td>
</tr>
</tbody>
</table>','2015-05-22 11:35:26','2015-05-22 11:35:42','article.tpl','15','ok');#<--break-->INSERT INTO yiqi_article VALUES ('25','时发布文章，该时间为北京时间。 自定义文件名	  设置为http://开头，将链接到指定的地址。','1','1','时发布文章，该时间为北京时间。 自定义文件名	  设置为http://开头，将链接到指定的地址。','-','-','20150522113548','<table class=\"inputform\" cellspacing=\"1\" cellpadding=\"1\">
<tbody>
<tr>
<td class=\"input\">时发布文章，该时间为北京时间。</td>
</tr>
<tr>
<td class=\"label\">自定义文件名</td>
<td class=\"input\"><input class=\"txt\" type=\"text\" name=\"articlefilename\" value=\"\" />&nbsp;&nbsp;设置为http://开头，将链接到指定的地址。</td>
</tr>
</tbody>
</table>','2015-05-22 11:35:43','2015-05-22 11:35:48','article.tpl','4','ok');#<--break-->INSERT INTO yiqi_article VALUES ('26','时发布文章，该时间为北京时间。 自定义文件名	  设置为http://开头，将链接到指定的地址。','1','1','时发布文章，该时间为北京时间。 自定义文件名	  设置为http://开头，将链接到指定的地址。','-','-','20150522113554','<table class=\"inputform\" cellspacing=\"1\" cellpadding=\"1\">
<tbody>
<tr>
<td class=\"input\">时发布文章，该时间为北京时间。</td>
</tr>
<tr>
<td class=\"label\">自定义文件名</td>
<td class=\"input\"><input class=\"txt\" type=\"text\" name=\"articlefilename\" value=\"\" />&nbsp;&nbsp;设置为http://开头，将链接到指定的地址。</td>
</tr>
</tbody>
</table>','2015-05-22 11:35:49','2015-05-22 11:35:54','article.tpl','2','ok');#<--break-->INSERT INTO yiqi_article VALUES ('27','时发布文章，该时间为北京时间。 自定义文件名	  设置为http://开头，将链接到指定的地址。','1','1','时发布文章，该时间为北京时间。 自定义文件名	  设置为http://开头，将链接到指定的地址。','-','-','20150522113600','<table class=\"inputform\" cellspacing=\"1\" cellpadding=\"1\">
<tbody>
<tr>
<td class=\"input\">时发布文章，该时间为北京时间。</td>
</tr>
<tr>
<td class=\"label\">自定义文件名</td>
<td class=\"input\"><input class=\"txt\" type=\"text\" name=\"articlefilename\" value=\"\" />&nbsp;&nbsp;设置为http://开头，将链接到指定的地址。</td>
</tr>
</tbody>
</table>','2015-05-22 11:35:55','2015-05-22 11:36:00','article.tpl','3','ok');#<--break-->INSERT INTO yiqi_article VALUES ('28','时发布文章，该时间为北京时间。 自定义文件名	  设置为http://开头，将链接到指定的地址。','1','1','时发布文章，该时间为北京时间。 自定义文件名	  设置为http://开头，将链接到指定的地址。','-','-','20150522113618','<table class=\"inputform\" cellspacing=\"1\" cellpadding=\"1\">
<tbody>
<tr>
<td class=\"input\">时发布文章，该时间为北京时间。</td>
</tr>
<tr>
<td class=\"label\">自定义文件名</td>
<td class=\"input\"><input class=\"txt\" type=\"text\" name=\"articlefilename\" value=\"\" />&nbsp;&nbsp;设置为http://开头，将链接到指定的地址。</td>
</tr>
</tbody>
</table>','2015-05-22 11:36:01','2015-05-22 11:36:18','article.tpl','13','ok');#<--break-->INSERT INTO yiqi_article VALUES ('29','时发布文章，该时间为北京时间。 自定义文件名	  设置为http://开头，将链接到指定的地址。','1','1','时发布文章，该时间为北京时间。 自定义文件名	  设置为http://开头，将链接到指定的地址。','-','-','20150522113625','<table class=\"inputform\" cellspacing=\"1\" cellpadding=\"1\">
<tbody>
<tr>
<td class=\"input\">时发布文章，该时间为北京时间。</td>
</tr>
<tr>
<td class=\"label\">自定义文件名</td>
<td class=\"input\"><input class=\"txt\" type=\"text\" name=\"articlefilename\" value=\"\" />&nbsp;&nbsp;设置为http://开头，将链接到指定的地址。</td>
</tr>
</tbody>
</table>','2015-05-22 11:36:19','2015-05-22 11:36:25','article.tpl','14','ok');#<--break-->INSERT INTO yiqi_article VALUES ('30','时发布文章，该时间为北京时间。 自定义文件名	  设置为http://开头，将链接到指定的地址。','1','1','时发布文章，该时间为北京时间。 自定义文件名	  设置为http://开头，将链接到指定的地址。','-','-','20150522113632','<table class=\"inputform\" cellspacing=\"1\" cellpadding=\"1\">
<tbody>
<tr>
<td class=\"input\">时发布文章，该时间为北京时间。</td>
</tr>
<tr>
<td class=\"label\">自定义文件名</td>
<td class=\"input\"><input class=\"txt\" type=\"text\" name=\"articlefilename\" value=\"\" />&nbsp;&nbsp;设置为http://开头，将链接到指定的地址。</td>
</tr>
</tbody>
</table>','2015-05-22 11:36:26','2015-05-22 11:36:32','article.tpl','8','ok');#<--break-->INSERT INTO yiqi_article VALUES ('31','“世界最薄避孕套”纠纷案开审 冈本被诉不正当竞争','1','1','“世界最薄避孕套”纠纷案开审 冈本被诉不正当竞争','“世界最薄避孕套”纠纷案开审 冈本被诉不正当竞争','在4·26国际知识产权日即将来临之际，广州市越秀区法院16日开庭审理了原告广州大明联合橡胶制品有限公司诉被告日本冈本株式会社等四公司，因销售涉及“世界最薄避孕套”广告宣传语而引发的不正当竞争纠纷案。
','20150526142615','<div><img style=\"vertical-align: middle;\" title=\"&ldquo;世界最薄避孕套&rdquo;纠纷案开审 冈本被诉不正当竞争\" src=\"http://192.168.10.124/uploads/image/150526022444.jpg\" alt=\"&ldquo;世界最薄避孕套&rdquo;纠纷案开审 冈本被诉不正当竞争\" /></div>
<div>在4&middot;26国际知识产权日即将来临之际，广州市越秀区法院16日开庭审理了原告广州大明联合橡胶制品有限公司诉被告日本冈本株式会社等四公司，因销售涉及&ldquo;世界最薄避孕套&rdquo;广告宣传语而引发的不正当竞争纠纷案。</div>
<div>不正当竞争行为是一种发生在经济活动中，经营者违反平等公正、诚实信用的竞争规则，扰乱市场秩序的非法行为。</div>
<div>冈本株式会社的冈本避孕套曾在2012年1月31日被吉尼斯世界纪录认证为&ldquo;薄度纪录保持者&rdquo;，当时薄度为0.038mm。2013年12月2日，大明公司的奥妮避孕套以0.036mm打破该纪录，并获得吉尼斯世界纪录相关认证。</div>
<div>2014年5月，大明公司在广州某药店购买到冈本避孕套，该商品外包装标有&ldquo;世界最薄吉尼斯世界纪录&rdquo;等用语。大明公司以冈本虚假宣传为由，向法院提出了要求冈本株式会社在实体店及各网站停止销售有上述广告用语产品的不正当竞争行为，及象征性赔偿1元等诉讼请求。</div>
<div>庭审中，冈本株式会社称自身守法经营，并与日本吉尼斯公司签订了相关合同，获得了授权，是在授权范围内使用吉尼斯记录。大明公司没有证据证明冈本知道大明公司已经打破了该世界记录。同时，冈本当庭提交对大明公司的奥妮产品的检测记录，没有一项符合大明公司主张的0.036mm的标准，认为大明公司声称其是最薄的是虚假的。</div>
<div>对此，大明公司表示，根据其与冈本在深圳福田区法院的诉讼中，冈本提交的与代理销售商的联络票中显示，冈本在2013年12月3日已经清楚知道其保留的吉尼斯记录被大明公司打破，且冈本承诺从2013年12月3日起停止使用和宣传有吉尼斯记录的标识的产品。冈本则表示，对证据来源形式真实性确认，但对该证据的内容不予确认，该证据是内部文件。</div>
<div>据了解，大明公司在深圳福田区法院也对冈本提起了同类的不正当竞争诉讼，该案也在审理中。</div>','2015-05-26 15:04:38','2015-05-26 15:06:00','article.tpl','6','ok');#<--break-->INSERT INTO yiqi_article VALUES ('32','“世界最薄避孕套”纠纷案开审冈本被诉不正当竞争','1','1','“世界最薄避孕套”纠纷案开审冈本被诉不正当竞争','-','-','20150526172201','<p align=\"left\"><strong>在4&middot;26国际知识产权日即将来临之际，广州市越秀区法院16日开庭审理了原告广州大明联合橡胶制品有限公司诉被告日本冈本株式会社等四公司，因销售涉及&ldquo;世界最薄避孕套&rdquo;广告宣传语而引发的不正当竞争纠纷案。</strong></p>
<p align=\"left\"><strong>不正当竞争行为是一种发生在经济活动中，经营者违反平等公正、诚实信用的竞争规则，扰乱市场秩序的非法行为。</strong></p>
<p align=\"left\"><strong>冈本株式会社的冈本避孕套曾在2012年1月31日被吉尼斯世界纪录认证为&ldquo;薄度纪录保持者&rdquo;，当时薄度为0.038mm。2013年12月2日，大明公司的奥妮避孕套以0.036mm打破该纪录，并获得吉尼斯世界纪录相关认证。</strong></p>
<p align=\"left\"><strong>2014</strong><strong>年5月，大明公司在广州某药店购买到冈本避孕套，该商品外包装标有&ldquo;世界最薄吉尼斯世界纪录&rdquo;等用语。大明公司以冈本虚假宣传为由，向法院提出了要求冈本株式会社在实体店及各网站停止销售有上述广告用语产品的不正当竞争行为，及象征性赔偿1元等诉讼请求。</strong></p>
<p align=\"left\"><strong>庭审中，冈本株式会社称自身守法经营，并与日本吉尼斯公司签订了相关合同，获得了授权，是在授权范围内使用吉尼斯记录。大明公司没有证据证明冈本知道大明公司已经打破了该世界记录。同时，冈本当庭提交对大明公司的奥妮产品的检测记录，没有一项符合大明公司主张的0.036mm的标准，认为大明公司声称其是最薄的是虚假的。</strong></p>
<p align=\"left\"><strong>对此，大明公司表示，根据其与冈本在深圳福田区法院的诉讼中，冈本提交的与代理销售商的联络票中显示，冈本在2013年12月3日已经清楚知道其保留的吉尼斯记录被大明公司打破，且冈本承诺从2013年12月3日起停止使用和宣传有吉尼斯记录的标识的产品。冈本则表示，对证据来源形式真实性确认，但对该证据的内容不予确认，该证据是内部文件。</strong></p>
<p align=\"left\"><strong>据了解，大明公司在深圳福田区法院也对冈本提起了同类的不正当竞争诉讼，该案也在审理中。</strong></p>','2015-05-26 17:17:52','2015-05-26 17:22:01','article.tpl','3','ok');#<--break-->INSERT INTO yiqi_article VALUES ('33','“世界最薄避孕套”不正当竞争纠纷案开审','1','1','“世界最薄避孕套”不正当竞争纠纷案开审','-','-','20150526172356','<p align=\"left\"><strong>今天上午,在4&middot;26国际知识产权日即将来临之际,一宗因销售涉及&ldquo;世界最薄避孕套&rdquo;广告宣传语引发的不正当竞争纠纷案,在广东省广州市越秀区人民法院公开开庭审理。庭审中,原告广州大明联合橡胶制品有限公司与被告冈本株式会社等四公司的诉讼代理人出庭应诉。</strong></p>
<p align=\"left\"><strong>　　冈本株式会社的冈本避孕套曾在2012年1月31日被吉尼斯世界纪录认证为&ldquo;薄度纪录保持者&rdquo;,当时薄度为0.038mm。2013年12月2日,大明公司的奥妮避孕套以0.036mm打破该纪录,并获得吉尼斯世界纪录相关认证。</strong></p>
<p align=\"left\"><strong>　　2014年5月,大明公司在广州东川路某药店购买到冈本避孕套,该商品外包装标有&ldquo;世界最薄吉尼斯世界纪录&rdquo;等用语。为此,大明公司以冈本虚假宣传为由,向越秀法院提出了要求冈本株式会社在实体店及各网站停止销售有上述广告用语产品的不正当竞争行为,及象征性赔偿1元等诉讼请求。</strong></p>
<p align=\"left\"><strong>　　今天的庭审中,被告冈本株式会社答辩不同意原告的全部诉讼请求。</strong></p>
<p align=\"left\"><strong>　　被告方称,冈本株式会社不是本案适格被告,原告没有证据证明原告是吉尼斯纪录的保持者,也没有证据证明被告知道原告已经打破了该世界纪录,原告没有任何证据证明在涉嫌侵权行为地发现的涉案贴纸是冈本粘贴的,也没有任何证据证明冈本涉嫌虚假宣传。</strong></p>
<p align=\"left\"><strong>　　被告方表示,被告一直守法经营,并未涉嫌不正当竞争行为,被告与日本吉尼斯公司签订了相关的合同,获得了授权,是在授权范围内合法使用吉尼斯纪录。根据相关法律的规定,被告在原告于2013年12月2日取得吉尼斯纪录前所销售的商品是不涉及不正当竞争行为,属于合法经营。</strong></p>
<p align=\"left\"><strong>　　冈本株式会社还指出,由被告当庭提交的检测记录对原告的奥妮产品进行检测,没有一项符合原告主张的0.036mm的标准,故原告声称其是最薄的是虚假的。</strong></p>
<p align=\"left\"><strong>　　对此,原告表示,根据其与被告在深圳市福田区人民法院的诉讼中,被告冈本株式会社提交的与代理销售商的联络票中显示,被告在2013年12月3日已经清楚知道其保留的吉尼斯纪录被原告打破,且被告承诺从2013年12月3日起停止使用和宣传有吉尼斯纪录的标识的产品。被告则表示,对证据来源形式真实性确认,但对该证据的内容不予确认,该证据是内部文件。</strong></p>
<p align=\"left\"><strong>　　据了解,原告在深圳福田区法院也对被告提起了同类的不正当竞争诉讼,案件仍在审理中。</strong></p>
<p align=\"left\"><strong>　　不正当竞争多为&ldquo;傍名牌&rdquo;</strong></p>
<p align=\"left\"><strong>越秀法院欧阳福生法官告诉记者,2012年至今,该院共受理知识产权案件3731件,其中,九成以上的案件为商标、著作权纠纷,不正当竞争纠纷案件仅为30件。不正当竞争纠纷受案数虽然偏少,但案件一般涉及企业品牌、商业秘密、商誉等攸关企业发展的核心利益,诉辩双方对抗激烈,社会关注度高。</strong></p>
<p align=\"left\"><strong>　　从审理的情况来看,不正当竞争纠纷呈现以下特点:近六成被侵权主体为行业内有一定知名度的企业,如周六福珠宝、美即面膜、黑人牙膏等知名商品的厂商,侵权人为同行业不知名的小企业或个体经营者；不正当竞争方式主要表现为&ldquo;傍名牌&rdquo;,即侵权人仿冒知名企业的商标、企业字号、知名商品特有名称、包装、装潢等其他经济价值的商业标识,以图消费者误认其商品来源于名牌企业,从而扩大销路,获取利益。</strong></p>
<p align=\"left\"><strong>　　&ldquo;不正当竞争纠纷还出现侵权行为非典型化特征,侵权人通过抢注商标、异地使用企业字号等手段进行不正当竞争。由于这些行为均已超出反不正当竞争法列举的不正当竞争行为,导致案件审理难度加大。此外,侵权场所延伸到虚拟网络,部分案件中,侵权人在网络平台上仿冒知名企业商业标识进行虚假宣传,引发不正当竞争纠纷。&rdquo;欧阳福生说。</strong></p>
<p align=\"left\"><strong>　　在我国,企业字号实行分级登记管理模式,相同的企业字号可在不同行政区域内进行登记。鉴于此种管理模式,不少经营者采用&ldquo;迂回战术&rdquo;,先在某地注册与其他行政区域知名企业相同的字号,然后以授权、许可、监制的名义在知名企业所在行政区域内使用该字号,经营与知名企业相同或类似的商品或服务。欧阳福生表示,&ldquo;企业字号具有跨地域效力,可以通过授权、许可等形式在异地使用,其前提是不能攀附知名企业字号的商誉,使相关公众混同商品主体,不然,则构成不正当竞争,承担相应的民事侵权责任。&rdquo;</strong></p>','2015-05-26 17:22:14','2015-05-26 17:23:56','article.tpl','37','ok');#<--break-->INSERT INTO yiqi_article VALUES ('34','仿生润滑剂','1','1','仿生润滑剂','-','-','20150604110014','<p><span>奥妮仿生润滑剂为天然水溶性润滑剂，可高度模仿女性私处分泌物，并与之完美融合，为爱侣提供真正的赤裸感，体验无限激情缠绵</span></p>','2015-06-04 10:57:12','2015-06-04 11:00:14','article.tpl','8','ok');#<--break-->INSERT INTO yiqi_article VALUES ('35','费洛精素','1','1','费洛精素','-','-','20150604110036','<p><span>费洛精素是奥妮主打香味，其由玫瑰、香草、香木或者其他天然香料提取而出，可帮助情侣分泌费洛蒙，创造最美妙的性爱体验</span></p>','2015-06-04 11:00:15','2015-06-04 11:00:36','article.tpl','4','ok');#<--break-->INSERT INTO yiqi_article VALUES ('36','天然橡胶','1','1','天然橡胶','-','-','20150604111307','<p><span>是从有一定树龄的橡胶树在规定的时间按照规定的切口割胶时流出的液体，呈乳白色，固含量为30%～40%，橡胶粒径平均为1.06微米。新鲜的天然乳胶含橡胶成分27%～41.3%(质量)</span>天然乳胶枕头、水44%～70%、蛋白质0.2%～4.5%、天然树脂2%～5%、糖类0.36%～4.2%、灰分0.4%。为防止天然乳胶因微生物、酶的作用而凝固，常加入氨和其他稳定剂。天然乳胶主要用于制作海绵制品、压出制品和浸渍制品。</p>','2015-06-04 11:00:37','2015-06-04 11:13:07','article.tpl','5','ok');#<--break-->INSERT INTO yiqi_article VALUES ('37','超过国家规定的严谨做工','1','1','超过国家规定的严谨做工','-','-','20150604111513','<p><span>自1988年中国允许安全套市场经营，奥妮率先进入中国市场，以其高品质、多元化和高性价比的产品特色获得市场认可。在历次国家抽检中，奥妮产品持续保持优良记录。20多年来，陆续获得&ldquo;全国质量500强&rdquo;、&ldquo;中国政府采购首选品牌&rdquo;、&ldquo;中国市场保护品牌&rdquo;及多个国家级权威机构授予的荣誉称号。在中国市场备受推崇。</span></p>','2015-06-04 11:13:56','2015-06-04 11:15:57','article.tpl','3','ok');#<--break-->#------------------------------------------# Table definition for yiqi_category#------------------------------------------DROP TABLE  IF EXISTS yiqi_category;#<--break-->CREATE TABLE yiqi_category ( `cid` bigint(20) NOT NULL auto_increment, `name` varchar(255) NOT NULL, `type` varchar(255), `seotitle` varchar(255) NOT NULL default '-', `seokeywords` varchar(255) NOT NULL default '-', `seodescription` varchar(255) NOT NULL default '-', `description` longtext, `filename` varchar(255) NOT NULL default '-', `pid` bigint(20) NOT NULL default '0', `templets` varchar(255) default '-', `takenumber` bigint(20) NOT NULL default '20', `displayorder` bigint(20) NOT NULL default '0', `status` varchar(255),   PRIMARY KEY (cid)) ENGINE=MyISAM  DEFAULT CHARSET=utf8 COLLATE=utf8_unicode_ci;#<--break-->#------------------------------------------# Data inserts for yiqi_category#------------------------------------------INSERT INTO yiqi_category VALUES ('1','奥妮新闻','article','关于我们','-','-','关于我们','about','0','category.tpl','15','0','ok');#<--break-->INSERT INTO yiqi_category VALUES ('2','安全套趣闻','article','公司动态','-','-','公司动态','news','0','category.tpl','10','0','ok');#<--break-->INSERT INTO yiqi_category VALUES ('4','成人知识','article','成人知识','成人知识','-','-','knowledge','0','category.tpl','15','0','ok');#<--break-->INSERT INTO yiqi_category VALUES ('5','医药成人展','article','医药成人展','医药成人展','-','-','exhibition','0','category.tpl','15','0','ok');#<--break-->INSERT INTO yiqi_category VALUES ('6','贴体热感','product','贴体热感','贴体热感','-','-','20150527104256','0','product.tpl','24','0','ok');#<--break-->INSERT INTO yiqi_category VALUES ('7','适体触感','product','适体触感','适体触感','-','-','20150527104303','0','category.tpl','24','0','ok');#<--break-->INSERT INTO yiqi_category VALUES ('8','双倍保险','product','双倍保险','双倍保险','-','-','20150527104310','0','category.tpl','24','0','ok');#<--break-->INSERT INTO yiqi_category VALUES ('9','非凡持久','product','非凡持久','非凡持久','-','-','20150527104319','0','category.tpl','24','0','ok');#<--break-->INSERT INTO yiqi_category VALUES ('11','适时浪漫','product','适时浪漫','适时浪漫','-','-','20150527104331','0','category.tpl','24','0','ok');#<--break-->INSERT INTO yiqi_category VALUES ('12','舒适超薄','product','舒适超薄','舒适超薄','-','-','20150527104337','0','category.tpl','24','0','ok');#<--break-->#------------------------------------------# Table definition for yiqi_comments#------------------------------------------DROP TABLE  IF EXISTS yiqi_comments;#<--break-->CREATE TABLE yiqi_comments ( `cid` bigint(20) NOT NULL auto_increment, `title` varchar(255) NOT NULL, `content` longtext NOT NULL, `name` varchar(255), `contact` varchar(255), `ip` varchar(255), `adddate` timestamp NOT NULL default '0000-00-00 00:00:00',   PRIMARY KEY (cid)) ENGINE=MyISAM  DEFAULT CHARSET=utf8 COLLATE=utf8_unicode_ci;#<--break-->#------------------------------------------# Data inserts for yiqi_comments#------------------------------------------INSERT INTO yiqi_comments VALUES ('1','咨询一下','咨询内容','张先生','13333333333','127.0.0.1','2015-04-24 14:10:57');#<--break-->#------------------------------------------# Table definition for yiqi_keywords#------------------------------------------DROP TABLE  IF EXISTS yiqi_keywords;#<--break-->CREATE TABLE yiqi_keywords ( `kid` bigint(20) NOT NULL auto_increment, `name` varchar(255) NOT NULL, `url` longtext NOT NULL, `displayorder` int(11) NOT NULL,   PRIMARY KEY (kid)) ENGINE=MyISAM  DEFAULT CHARSET=utf8 COLLATE=utf8_unicode_ci;#<--break-->#------------------------------------------# Table definition for yiqi_link#------------------------------------------DROP TABLE  IF EXISTS yiqi_link;#<--break-->CREATE TABLE yiqi_link ( `lid` bigint(20) NOT NULL auto_increment, `title` varchar(255) NOT NULL, `url` varchar(255), `displayorder` int(11) NOT NULL default '0', `adddate` timestamp NOT NULL default '0000-00-00 00:00:00', `remark` varchar(255), `status` varchar(255),   PRIMARY KEY (lid)) ENGINE=MyISAM  DEFAULT CHARSET=utf8 COLLATE=utf8_unicode_ci;#<--break-->#------------------------------------------# Data inserts for yiqi_link#------------------------------------------INSERT INTO yiqi_link VALUES ('1','易企CMS企业建站系统','http://www.yiqicms.com/','0','2015-04-24 14:10:57','易企CMS官方网站','ok');#<--break-->INSERT INTO yiqi_link VALUES ('2','易企CMS论坛','http://www.yiqicms.com/forum/','0','2015-04-24 14:10:57','易企CMS官方论坛','ok');#<--break-->#------------------------------------------# Table definition for yiqi_meta#------------------------------------------DROP TABLE  IF EXISTS yiqi_meta;#<--break-->CREATE TABLE yiqi_meta ( `metaid` bigint(20) NOT NULL auto_increment, `metatype` varchar(255) NOT NULL, `objectid` bigint(20) NOT NULL, `metaname` longtext NOT NULL, `metavalue` longtext NOT NULL,   PRIMARY KEY (metaid)) ENGINE=MyISAM  DEFAULT CHARSET=utf8 COLLATE=utf8_unicode_ci;#<--break-->#------------------------------------------# Data inserts for yiqi_meta#------------------------------------------INSERT INTO yiqi_meta VALUES ('1','product','2','','');#<--break-->INSERT INTO yiqi_meta VALUES ('2','article','4','','');#<--break-->INSERT INTO yiqi_meta VALUES ('3','article','5','','');#<--break-->INSERT INTO yiqi_meta VALUES ('4','article','6','','');#<--break-->INSERT INTO yiqi_meta VALUES ('5','article','7','','');#<--break-->INSERT INTO yiqi_meta VALUES ('6','article','8','','');#<--break-->INSERT INTO yiqi_meta VALUES ('7','article','9','','');#<--break-->INSERT INTO yiqi_meta VALUES ('8','article','10','','');#<--break-->INSERT INTO yiqi_meta VALUES ('9','article','11','','');#<--break-->INSERT INTO yiqi_meta VALUES ('10','article','12','','');#<--break-->INSERT INTO yiqi_meta VALUES ('11','article','13','','');#<--break-->INSERT INTO yiqi_meta VALUES ('12','article','14','','');#<--break-->INSERT INTO yiqi_meta VALUES ('13','article','15','','');#<--break-->INSERT INTO yiqi_meta VALUES ('14','article','16','','');#<--break-->INSERT INTO yiqi_meta VALUES ('15','article','17','','');#<--break-->INSERT INTO yiqi_meta VALUES ('16','article','18','','');#<--break-->INSERT INTO yiqi_meta VALUES ('17','article','19','','');#<--break-->INSERT INTO yiqi_meta VALUES ('18','article','20','','');#<--break-->INSERT INTO yiqi_meta VALUES ('19','article','21','','');#<--break-->INSERT INTO yiqi_meta VALUES ('20','article','22','','');#<--break-->INSERT INTO yiqi_meta VALUES ('21','article','23','','');#<--break-->INSERT INTO yiqi_meta VALUES ('22','article','24','','');#<--break-->INSERT INTO yiqi_meta VALUES ('23','article','25','','');#<--break-->INSERT INTO yiqi_meta VALUES ('24','article','26','','');#<--break-->INSERT INTO yiqi_meta VALUES ('25','article','27','','');#<--break-->INSERT INTO yiqi_meta VALUES ('26','article','28','','');#<--break-->INSERT INTO yiqi_meta VALUES ('27','article','29','','');#<--break-->INSERT INTO yiqi_meta VALUES ('28','article','30','','');#<--break-->INSERT INTO yiqi_meta VALUES ('29','product','3','规格：','6对/盒');#<--break-->INSERT INTO yiqi_meta VALUES ('30','product','4','规格','6对/盒  2对/盒');#<--break-->INSERT INTO yiqi_meta VALUES ('31','product','5','','');#<--break-->INSERT INTO yiqi_meta VALUES ('32','product','6','','');#<--break-->INSERT INTO yiqi_meta VALUES ('33','product','7','','');#<--break-->INSERT INTO yiqi_meta VALUES ('58','product','7','标准宽度','52mm');#<--break-->INSERT INTO yiqi_meta VALUES ('35','article','31','','');#<--break-->INSERT INTO yiqi_meta VALUES ('36','article','32','','');#<--break-->INSERT INTO yiqi_meta VALUES ('37','article','33','','');#<--break-->INSERT INTO yiqi_meta VALUES ('57','product','7','规格','6对/盒 ');#<--break-->INSERT INTO yiqi_meta VALUES ('56','product','3','套型','平纹型');#<--break-->INSERT INTO yiqi_meta VALUES ('55','product','3','颜色','本色');#<--break-->INSERT INTO yiqi_meta VALUES ('53','product','3','标准宽度：','52mm');#<--break-->INSERT INTO yiqi_meta VALUES ('44','product','8','规格','6对/盒  2对/盒');#<--break-->INSERT INTO yiqi_meta VALUES ('54','product','3','香型','5年');#<--break-->INSERT INTO yiqi_meta VALUES ('46','product','8','标准宽度','52mm');#<--break-->INSERT INTO yiqi_meta VALUES ('47','product','8','有效期','五年');#<--break-->INSERT INTO yiqi_meta VALUES ('48','product','8','香型','香薰-费洛精素');#<--break-->INSERT INTO yiqi_meta VALUES ('49','product','8','颜色','本色');#<--break-->INSERT INTO yiqi_meta VALUES ('50','product','8','套型','平纹型');#<--break-->INSERT INTO yiqi_meta VALUES ('51','product','8','规格','6对/盒  2对/盒');#<--break-->INSERT INTO yiqi_meta VALUES ('59','product','7','有效期','五年');#<--break-->INSERT INTO yiqi_meta VALUES ('60','product','7','香型','香薰-费洛精素');#<--break-->INSERT INTO yiqi_meta VALUES ('61','product','7','颜色','本色');#<--break-->INSERT INTO yiqi_meta VALUES ('62','product','7','套型','平纹型');#<--break-->INSERT INTO yiqi_meta VALUES ('63','product','6','规格','6对/盒');#<--break-->INSERT INTO yiqi_meta VALUES ('64','product','6','标准宽度','52mm');#<--break-->INSERT INTO yiqi_meta VALUES ('65','product','6','有效期','五年');#<--break-->INSERT INTO yiqi_meta VALUES ('66','product','6','香型','香薰-费洛精素');#<--break-->INSERT INTO yiqi_meta VALUES ('67','product','6','颜色','本色');#<--break-->INSERT INTO yiqi_meta VALUES ('68','product','6','套型','平纹型');#<--break-->INSERT INTO yiqi_meta VALUES ('69','product','5','规格','6对/盒  2对/盒');#<--break-->INSERT INTO yiqi_meta VALUES ('70','product','5','标准宽度','52mm');#<--break-->INSERT INTO yiqi_meta VALUES ('71','product','5','有效期','五年');#<--break-->INSERT INTO yiqi_meta VALUES ('72','product','5','香型','香薰-费洛精素');#<--break-->INSERT INTO yiqi_meta VALUES ('73','product','5','颜色','本色');#<--break-->INSERT INTO yiqi_meta VALUES ('74','product','5','套型','平纹型');#<--break-->INSERT INTO yiqi_meta VALUES ('75','product','4','规格','6对/盒  2对/盒');#<--break-->INSERT INTO yiqi_meta VALUES ('76','product','4','标准宽度','52mm');#<--break-->INSERT INTO yiqi_meta VALUES ('77','product','4','有效期','五年');#<--break-->INSERT INTO yiqi_meta VALUES ('78','product','4','香型','香薰-费洛精素');#<--break-->INSERT INTO yiqi_meta VALUES ('79','product','4','颜色','本色');#<--break-->INSERT INTO yiqi_meta VALUES ('80','product','4','套型','平纹型');#<--break-->INSERT INTO yiqi_meta VALUES ('81','product','3','规格：','6对/盒  2对/盒');#<--break-->INSERT INTO yiqi_meta VALUES ('82','product','3','标语','自然 润滑 惬意');#<--break-->INSERT INTO yiqi_meta VALUES ('83','product','3','简介','舒适体贴,带超薄设计
粉红浪漫，加倍润滑，带来更真实和美妙的性之爱。
添加‘费罗精素’香薰，给你极度感触肌肤体验，享乐浪漫激情！');#<--break-->INSERT INTO yiqi_meta VALUES ('84','product','3','简介','带超薄设计，粉红浪漫，加倍润滑，带来更真实和美妙的性之爱。');#<--break-->INSERT INTO yiqi_meta VALUES ('85','product','4','标语','easy情迷 sex诱惑');#<--break-->INSERT INTO yiqi_meta VALUES ('86','product','4','简介','给你极度触感肌肤体验，享受浪漫激情。  
外表带有浮点，可增加对阴道摩擦的刺激，更好取悦女性。
奥妮适时浪漫系列，颗粒刺激，拒绝‘平’凡，给爱侣别样的感受。');#<--break-->INSERT INTO yiqi_meta VALUES ('87','product','5','标语','激情无限 一切由我 ');#<--break-->INSERT INTO yiqi_meta VALUES ('88','product','5','简介','激情由心而发，动力由此开始。
配有奥妮专利——OT环，能延长男性勃起时间，对早泄say no!
环与套的分体机构给您无限的创意空间，随心组合，更多情趣。 
奥妮OT环由进口医院材质制成，不会产生药物依赖，也没有安全隐患，为您解除后顾之忧。
物理延时，享受持久激情。');#<--break-->INSERT INTO yiqi_meta VALUES ('89','product','6','标语','看到的安全 实在的保护');#<--break-->INSERT INTO yiqi_meta VALUES ('90','product','6','简介','加厚设计，更安全，更尽性
一马平川 哪惧十面埋伏  尽情无后顾之忧
在前端紧束的基础上，添加立体颗粒，使性爱刺激更强。
通过每个颗粒作用的不同，推向高潮。
添加水溶性润滑剂，更呵护双方。');#<--break-->INSERT INTO yiqi_meta VALUES ('91','product','7','标语','点点如酥 一触即发');#<--break-->INSERT INTO yiqi_meta VALUES ('92','product','7','简介','根据男性人体工学设计，拥有中段紧缩的束腰设计，松紧有致。
能完美贴合肌肤，给男性前所未有的‘紧握’感，
有增强刺激 防止脱落的功效，同时增加了浮点，有效带给女性更大的刺激。');#<--break-->INSERT INTO yiqi_meta VALUES ('93','product','8','简介','贴体束腰设计 紧致感官
让你们的每一触点都亲密无间，让她感觉到你的熊熊炽热和强烈爱意，
令她流连忘返，欲‘拔’不能。
红色迷人，助幸塑性。奥妮激情发热款，享受不一样的激情。');#<--break-->INSERT INTO yiqi_meta VALUES ('94','product','8','标语','热力如瀑 连绵不断');#<--break-->INSERT INTO yiqi_meta VALUES ('95','article','34','','');#<--break-->INSERT INTO yiqi_meta VALUES ('96','article','35','','');#<--break-->INSERT INTO yiqi_meta VALUES ('97','article','36','','');#<--break-->INSERT INTO yiqi_meta VALUES ('98','article','37','','');#<--break-->INSERT INTO yiqi_meta VALUES ('99','article','38','','');#<--break-->#------------------------------------------# Table definition for yiqi_navigate#------------------------------------------DROP TABLE  IF EXISTS yiqi_navigate;#<--break-->CREATE TABLE yiqi_navigate ( `navid` bigint(20) NOT NULL auto_increment, `group` varchar(255) NOT NULL, `name` varchar(255) NOT NULL, `url` longtext NOT NULL, `displayorder` int(11) NOT NULL, `status` varchar(255) NOT NULL,   PRIMARY KEY (navid)) ENGINE=MyISAM  DEFAULT CHARSET=utf8 COLLATE=utf8_unicode_ci;#<--break-->#------------------------------------------# Data inserts for yiqi_navigate#------------------------------------------INSERT INTO yiqi_navigate VALUES ('1','顶部导航','首页','http://192.168.10.24','0','ok');#<--break-->INSERT INTO yiqi_navigate VALUES ('7','顶部导航','精英系列','http://192.168.10.24/product.php?name=20150526100107','3','ok');#<--break-->INSERT INTO yiqi_navigate VALUES ('3','顶部导航','关于奥妮','http://192.168.10.24/about.html','5','ok');#<--break-->INSERT INTO yiqi_navigate VALUES ('8','顶部导航','奥妮新闻','http://192.168.10.24/category.php?name=about','4','ok');#<--break-->INSERT INTO yiqi_navigate VALUES ('6','顶部导航','001','http://192.168.10.24/001.html','2','ok');#<--break-->#------------------------------------------# Table definition for yiqi_product#------------------------------------------DROP TABLE  IF EXISTS yiqi_product;#<--break-->CREATE TABLE yiqi_product ( `pid` bigint(20) NOT NULL auto_increment, `name` varchar(255) NOT NULL, `cid` bigint(20) NOT NULL, `thumb` text, `seotitle` varchar(255) NOT NULL default '-', `seokeywords` varchar(255), `seodescription` varchar(255), `filename` varchar(255) NOT NULL default '-', `content` longtext NOT NULL, `adddate` timestamp NOT NULL default '0000-00-00 00:00:00', `lasteditdate` timestamp NOT NULL default '0000-00-00 00:00:00', `templets` varchar(255), `viewcount` bigint(20) NOT NULL default '0', `status` varchar(255) NOT NULL,   PRIMARY KEY (pid)) ENGINE=MyISAM  DEFAULT CHARSET=utf8 COLLATE=utf8_unicode_ci;#<--break-->#------------------------------------------# Data inserts for yiqi_product#------------------------------------------INSERT INTO yiqi_product VALUES ('3','舒适超薄','12','/uploads/image/150526033249.png','舒适超薄','-','-','20150526100033','','2015-05-27 15:18:46','2015-06-16 14:47:39','product.tpl','80','ok');#<--break-->INSERT INTO yiqi_product VALUES ('4','适时浪漫','11','/uploads/image/150526033235.png','适时浪漫','-','-','20150526100107','<h3 class=\"tb-main-title\" data-title=\"奥妮安全套适时浪漫4只装颗粒避孕套成人用品品牌直销\">适时浪漫</h3>
<h3 class=\"tb-main-title\" data-title=\"奥妮安全套适时浪漫4只装颗粒避孕套成人用品品牌直销\">适时浪漫</h3>
<h3 class=\"tb-main-title\" data-title=\"奥妮安全套适时浪漫4只装颗粒避孕套成人用品品牌直销\">适时浪漫</h3>
<h3 class=\"tb-main-title\" data-title=\"奥妮安全套适时浪漫4只装颗粒避孕套成人用品品牌直销\">适时浪漫</h3>','2015-05-27 15:11:28','2015-06-16 14:51:48','product.tpl','214','ok');#<--break-->INSERT INTO yiqi_product VALUES ('5','非凡持久','9','/uploads/image/150526033210.png','非凡持久','-','-','20150526100135','','2015-05-27 15:17:06','2015-06-16 14:49:36','product.tpl','108','ok');#<--break-->INSERT INTO yiqi_product VALUES ('6','双倍保险','8','/uploads/image/150526033155.png','双倍保险','-','-','20150526100237','<h3 class=\"tb-main-title\" data-title=\"奥妮避孕套 双倍保险3只装 持久型颗粒安全套成人情趣用品\">双倍保险</h3>
<h3 class=\"tb-main-title\" data-title=\"奥妮避孕套 双倍保险3只装 持久型颗粒安全套成人情趣用品\">双倍保险</h3>
<h3 class=\"tb-main-title\" data-title=\"奥妮避孕套 双倍保险3只装 持久型颗粒安全套成人情趣用品\">双倍保险</h3>
<h3 class=\"tb-main-title\" data-title=\"奥妮避孕套 双倍保险3只装 持久型颗粒安全套成人情趣用品\">双倍保险</h3>','2015-05-26 10:01:36','2015-06-16 14:53:07','product.tpl','105','ok');#<--break-->INSERT INTO yiqi_product VALUES ('7','适体触感','7','/uploads/image/150526033133.png','适体触感','-','-','20150526100302','','2015-05-27 15:14:28','2015-06-16 14:51:06','product.tpl','61','ok');#<--break-->INSERT INTO yiqi_product VALUES ('8','贴体热感','6','/uploads/image/150526033051.png','贴体热感','-','-','20150526100400','','2015-06-16 14:52:28','2015-06-16 14:54:17','product.tpl','81','ok');#<--break-->#------------------------------------------# Table definition for yiqi_regular#------------------------------------------DROP TABLE  IF EXISTS yiqi_regular;#<--break-->CREATE TABLE yiqi_regular ( `rid` bigint(20) NOT NULL auto_increment, `name` varchar(255) NOT NULL, `description` varchar(255) NOT NULL, `type` varchar(255) NOT NULL, `pid` bigint(20) NOT NULL, `value` varchar(255) NOT NULL, `displayorder` int(11) NOT NULL default '0', `status` varchar(255) NOT NULL,   PRIMARY KEY (rid)) ENGINE=MyISAM  DEFAULT CHARSET=utf8 COLLATE=utf8_unicode_ci;#<--break-->#------------------------------------------# Data inserts for yiqi_regular#------------------------------------------INSERT INTO yiqi_regular VALUES ('1','文章管理','-','member','0','#','0','ok');#<--break-->INSERT INTO yiqi_regular VALUES ('2','添加文章','添加文章','member','1','article-add.php','0','ok');#<--break-->INSERT INTO yiqi_regular VALUES ('3','修改文章','修改文章','member','1','article-edit.php','0','hide');#<--break-->INSERT INTO yiqi_regular VALUES ('4','文章列表','查看文章','member','1','article.php','0','ok');#<--break-->INSERT INTO yiqi_regular VALUES ('5','产品管理','-','member','0','#','1','ok');#<--break-->INSERT INTO yiqi_regular VALUES ('6','产品列表','查看产品','member','5','product.php','0','ok');#<--break-->INSERT INTO yiqi_regular VALUES ('7','添加产品','添加产品','member','5','product-add.php','0','ok');#<--break-->INSERT INTO yiqi_regular VALUES ('8','编辑产品','编辑产品','member','5','product-edit.php','0','hide');#<--break-->INSERT INTO yiqi_regular VALUES ('23','模板管理','-','member','0','#','5','ok');#<--break-->INSERT INTO yiqi_regular VALUES ('10','文章分类','编辑文章分类','member','1','category.php?type=article','0','ok');#<--break-->INSERT INTO yiqi_regular VALUES ('11','添加分类','添加文章分类','member','1','category-add.php?type=article','0','ok');#<--break-->INSERT INTO yiqi_regular VALUES ('12','产品分类','查看产品分类','member','5','category.php?type=product','0','ok');#<--break-->INSERT INTO yiqi_regular VALUES ('13','添加分类','添加产品分类','member','5','category-add.php?type=product','0','ok');#<--break-->INSERT INTO yiqi_regular VALUES ('14','编辑产品分类','编辑产品分类','member','5','category-edit.php?type=product','0','hide');#<--break-->INSERT INTO yiqi_regular VALUES ('15','编辑文章分类','编辑文章分类','member','1','category-edit.php?type=article','0','hide');#<--break-->INSERT INTO yiqi_regular VALUES ('16','用户管理','-','member','0','#','4','ok');#<--break-->INSERT INTO yiqi_regular VALUES ('17','用户列表','查看用户列表','member','16','users.php','0','ok');#<--break-->INSERT INTO yiqi_regular VALUES ('18','添加用户','添加用户','member','16','user-add.php','0','ok');#<--break-->INSERT INTO yiqi_regular VALUES ('19','编辑用户','编辑用户','member','16','user-profile.php','0','hide');#<--break-->INSERT INTO yiqi_regular VALUES ('20','网站设置','-','member','0','#','6','ok');#<--break-->INSERT INTO yiqi_regular VALUES ('21','基本设置','基本设置','member','20','option.php','0','ok');#<--break-->INSERT INTO yiqi_regular VALUES ('22','SEO设置','SEO设置','member','20','option-seo.php','0','ok');#<--break-->INSERT INTO yiqi_regular VALUES ('24','模板列表','查看模板列表','member','23','templets.php','0','ok');#<--break-->INSERT INTO yiqi_regular VALUES ('25','留言管理','-','member','0','#','2','ok');#<--break-->INSERT INTO yiqi_regular VALUES ('26','留言列表','查看留言列表','member','25','comments.php','0','ok');#<--break-->INSERT INTO yiqi_regular VALUES ('27','留言内容','查看留言内容','member','25','comment-info.php','0','hide');#<--break-->INSERT INTO yiqi_regular VALUES ('28','友情链接','-','member','0','#','3','ok');#<--break-->INSERT INTO yiqi_regular VALUES ('29','链接列表','友情链接管理','member','28','link.php','0','ok');#<--break-->INSERT INTO yiqi_regular VALUES ('30','URL重写','URL重写','member','20','option-url.php','0','ok');#<--break-->INSERT INTO yiqi_regular VALUES ('31','公司资料','-','member','0','#','7','ok');#<--break-->INSERT INTO yiqi_regular VALUES ('32','公司简介','公司简介设置','-','31','company-option.php','0','ok');#<--break-->INSERT INTO yiqi_regular VALUES ('33','联系方式','联系方式','-','31','company-contact.php','0','ok');#<--break-->INSERT INTO yiqi_regular VALUES ('34','移动文章分类','移动文章分类','member','1','category-move.php?type=article','0','hide');#<--break-->INSERT INTO yiqi_regular VALUES ('35','移动产品分类','移动产品分类','member','5','category-move.php?type=product','0','hide');#<--break-->INSERT INTO yiqi_regular VALUES ('36','数据管理','管理网站数据','member','0','#','8','ok');#<--break-->INSERT INTO yiqi_regular VALUES ('37','数据备份','备份网站数据','member','36','dbbackup.php','0','ok');#<--break-->INSERT INTO yiqi_regular VALUES ('38','数据恢复','恢复网站数据','member','36','dbrestore.php','0','ok');#<--break-->INSERT INTO yiqi_regular VALUES ('39','关键词管理','长尾关键词记录单','member','0','#','9','ok');#<--break-->INSERT INTO yiqi_regular VALUES ('40','关键词列表','关键词列表','member','39','keywords.php','0','ok');#<--break-->INSERT INTO yiqi_regular VALUES ('41','添加关键词','添加关键词','member','39','keyword-add.php','0','ok');#<--break-->INSERT INTO yiqi_regular VALUES ('42','导航管理','导航管理','member','23','navigate.php','0','ok');#<--break-->INSERT INTO yiqi_regular VALUES ('43','变量管理','变量管理','member','20','settings.php','0','ok');#<--break-->INSERT INTO yiqi_regular VALUES ('44','生成HTML','生成HTML','member','20','option-html.php','0','ok');#<--break-->#------------------------------------------# Table definition for yiqi_settings#------------------------------------------DROP TABLE  IF EXISTS yiqi_settings;#<--break-->CREATE TABLE yiqi_settings ( `sid` bigint(20) NOT NULL auto_increment, `varname` varchar(255) NOT NULL, `description` varchar(255), `value` longtext,   PRIMARY KEY (sid)) ENGINE=MyISAM  DEFAULT CHARSET=utf8 COLLATE=utf8_unicode_ci;#<--break-->#------------------------------------------# Data inserts for yiqi_settings#------------------------------------------INSERT INTO yiqi_settings VALUES ('1','sitename','网站名称','奥妮官网');#<--break-->INSERT INTO yiqi_settings VALUES ('3','sitetemplets','网站模板','8');#<--break-->INSERT INTO yiqi_settings VALUES ('4','siteicp','网站备案号码','-');#<--break-->INSERT INTO yiqi_settings VALUES ('5','sitestat','网站统计代码','-');#<--break-->INSERT INTO yiqi_settings VALUES ('6','sitecopy','网站版权信息','© 2009-2010 <a href=\"＃\">奥妮</a>');#<--break-->INSERT INTO yiqi_settings VALUES ('7','titlekeywords','网站标题关键词','奥妮官网');#<--break-->INSERT INTO yiqi_settings VALUES ('8','metakeywords','META关键词','-避孕套');#<--break-->INSERT INTO yiqi_settings VALUES ('9','metadescription','META描述','-安全套,避孕套');#<--break-->INSERT INTO yiqi_settings VALUES ('10','urlrewrite','是否开始URL重写','false');#<--break-->INSERT INTO yiqi_settings VALUES ('11','companysummary','公司简介','<p>易企CMS是为国内用户专门定制的一套企业建站系统,操作简单,管理方便,对搜索引擎更友好,使您网站排名变得更轻松</p>');#<--break-->INSERT INTO yiqi_settings VALUES ('12','companyname','公司名称','易企科技');#<--break-->INSERT INTO yiqi_settings VALUES ('13','companyphone','公司电话','请填写您的联系电话');#<--break-->INSERT INTO yiqi_settings VALUES ('14','companymobile','移动电话','请填写您的移动电话');#<--break-->INSERT INTO yiqi_settings VALUES ('15','companyfax','传真','请填写您的传真');#<--break-->INSERT INTO yiqi_settings VALUES ('16','companyaddr','地址','请填写您的地址');#<--break-->INSERT INTO yiqi_settings VALUES ('17','companyemail','电子邮箱','请填写您的电子邮箱');#<--break-->INSERT INTO yiqi_settings VALUES ('18','companyurl','网站地址','-');#<--break-->INSERT INTO yiqi_settings VALUES ('19','companyqq','联系QQ','请填写您的QQ');#<--break-->INSERT INTO yiqi_settings VALUES ('20','companymsn','MSN','请填写您的MSN');#<--break-->INSERT INTO yiqi_settings VALUES ('21','companycontact','联系人','请填写您的姓名');#<--break-->INSERT INTO yiqi_settings VALUES ('2','siteurl','网站地址','http://192.168.10.24');#<--break-->#------------------------------------------# Table definition for yiqi_templets#------------------------------------------DROP TABLE  IF EXISTS yiqi_templets;#<--break-->CREATE TABLE yiqi_templets ( `tid` bigint(20) NOT NULL auto_increment, `name` varchar(255) NOT NULL, `directory` varchar(255) NOT NULL, `thumb` varchar(255), `author` varchar(255), `copyright` text, `adddate` timestamp NOT NULL default '0000-00-00 00:00:00', `status` varchar(255),   PRIMARY KEY (tid)) ENGINE=MyISAM  DEFAULT CHARSET=utf8 COLLATE=utf8_unicode_ci;#<--break-->#------------------------------------------# Data inserts for yiqi_templets#------------------------------------------INSERT INTO yiqi_templets VALUES ('4','默认模板','default','../templets/default/preview.gif','YIQICMS','Copyright 2009 YIQICMS.com all rights reserved.','2009-10-20 00:00:00','ok');#<--break-->INSERT INTO yiqi_templets VALUES ('2','红粉之家','redpink','../templets/redpink/preview.gif','YIQICMS','Copyright 2009 YIQICMS.com all rights reserved.','2015-04-24 14:10:57','ok');#<--break-->INSERT INTO yiqi_templets VALUES ('5','红粉之家','aoni','../templets/aoni/preview.gif','YIQICMS','Copyright 2009 YIQICMS.com all rights reserved.','2010-03-18 00:00:00','ok');#<--break-->INSERT INTO yiqi_templets VALUES ('6','红粉之家','new','../templets/new/preview.gif','YIQICMS','Copyright 2009 YIQICMS.com all rights reserved.','2010-03-18 00:00:00','ok');#<--break-->INSERT INTO yiqi_templets VALUES ('7','aoni','aoni','../templets/aoni/preview.gif','aoni','Copyright 2009 YIQICMS.com all rights reserved.','2015-05-18 00:00:00','ok');#<--break-->INSERT INTO yiqi_templets VALUES ('8','ausny','new','../templets/new/preview.gif','ausny','Copyright 2009 YIQICMS.com all rights reserved.','2015-06-01 00:00:00','ok');#<--break-->#------------------------------------------# Table definition for yiqi_users#------------------------------------------DROP TABLE  IF EXISTS yiqi_users;#<--break-->CREATE TABLE yiqi_users ( `uid` bigint(20) NOT NULL auto_increment, `username` varchar(255) NOT NULL, `password` varchar(255) NOT NULL, `gender` bigint(20) NOT NULL default '0', `email` varchar(255), `regular` longtext, `adddate` timestamp NOT NULL default '0000-00-00 00:00:00', `status` varchar(255),   PRIMARY KEY (uid)) ENGINE=MyISAM  DEFAULT CHARSET=utf8 COLLATE=utf8_unicode_ci;#<--break-->#------------------------------------------# Data inserts for yiqi_users#------------------------------------------INSERT INTO yiqi_users VALUES ('1','admin','21232f297a57a5a743894a0e4a801fc3','1','admin@domain.com','2|3|4|10|11|15|34|6|7|8|12|13|14|35|26|27|29|17|18|19|24|42|21|22|30|43|44|32|33|37|38|40|41','2015-04-24 14:10:57','ok');#<--break-->INSERT INTO yiqi_users VALUES ('2','admin123','0192023a7bbd73250516f069df18b500','1','005@aoni.com','2|3|4|10|11|15|34|6|7|8|12|13|14|35|26|27|29|17|18|19|24|42|21|22|30|43|44|32|33|37|38|40|41','2015-06-05 10:55:10','ok');#<--break-->